{"Recovery factor (nO2out\/nO2in)":{"0":0.0,"1":0.1,"2":0.2,"3":0.3,"4":0.4,"5":0.5,"6":0.6,"7":0.7,"8":0.8,"9":0.9,"10":1.0,"11":0.0,"12":0.1,"13":0.2,"14":0.3,"15":0.4,"16":0.5,"17":0.6,"18":0.7,"19":0.8,"20":0.9,"21":1.0,"22":0.0,"23":0.1,"24":0.2,"25":0.3,"26":0.4,"27":0.5,"28":0.6,"29":0.7,"30":0.8,"31":0.9,"32":1.0,"33":0.0,"34":0.1,"35":0.2,"36":0.3,"37":0.4,"38":0.5,"39":0.6,"40":0.7,"41":0.8,"42":0.9,"43":1.0,"44":0.0,"45":0.1,"46":0.2,"47":0.3,"48":0.4,"49":0.5,"50":0.6,"51":0.7,"52":0.8,"53":0.9,"54":1.0,"55":0.0,"56":0.1,"57":0.2,"58":0.3,"59":0.4,"60":0.5,"61":0.6,"62":0.7,"63":0.8,"64":0.9,"65":1.0,"66":0.0,"67":0.1,"68":0.2,"69":0.3,"70":0.4,"71":0.5,"72":0.6,"73":0.7,"74":0.8,"75":0.9,"76":1.0,"77":0.0,"78":0.1,"79":0.2,"80":0.3,"81":0.4,"82":0.5,"83":0.6,"84":0.7,"85":0.8,"86":0.9,"87":1.0,"88":0.0,"89":0.1,"90":0.2,"91":0.3,"92":0.4,"93":0.5,"94":0.6,"95":0.7,"96":0.8,"97":0.9,"98":1.0},"Concentration factor (yO2out\/yO2in)":{"0":4.7618286642,"1":4.2438041813,"2":3.8609493688,"3":3.5605968284,"4":3.309135562,"5":3.0889360095,"6":2.8887104238,"7":2.6997808099,"8":2.5133549439,"9":2.3157530134,"10":2.0429062916,"11":4.7618342145,"12":4.7618618137,"13":4.5675220527,"14":4.1672999407,"15":3.8352177013,"16":3.5492205036,"17":3.2935473425,"18":3.0563426893,"19":2.8264114798,"20":2.5876025548,"21":2.2690306714,"22":4.7612423024,"23":4.7618892535,"24":4.76187462,"25":4.7451825277,"26":4.3754385398,"27":4.0317709703,"28":3.7221723002,"29":3.4361321867,"30":3.1613340553,"31":2.8797439771,"32":2.5138258644,"33":4.7617843118,"34":4.7617735071,"35":4.7618345017,"36":4.761476317,"37":4.7618598396,"38":4.5042341437,"39":4.1595755136,"40":3.8313860358,"41":3.5141597182,"42":3.190344205,"43":2.7768396022,"44":4.76183958,"45":4.7617849377,"46":4.7616413098,"47":4.761887158,"48":4.7618406013,"49":4.7617137659,"50":4.5727623752,"51":4.2273965034,"52":3.8774820023,"53":3.5157612687,"54":3.0568129725,"55":4.7618248229,"56":4.7614068356,"57":4.7614849443,"58":4.7617942745,"59":4.76142483,"60":4.761656594,"61":4.7618987812,"62":4.5943684416,"63":4.2384245363,"64":3.8498189653,"65":3.3513131968,"66":4.7617286507,"67":4.7618446482,"68":4.761876294,"69":4.7619002369,"70":4.7617504318,"71":4.7618948007,"72":4.761898642,"73":4.7616646127,"74":4.5729425146,"75":4.182390075,"76":3.6563182479,"77":4.7615758081,"78":4.7618581629,"79":4.7618272964,"80":4.7618557937,"81":4.7618322427,"82":4.7617475809,"83":4.7618942328,"84":4.7617997605,"85":4.7617677554,"86":4.4962443587,"87":3.9654649439,"88":4.7618969121,"89":4.761809741,"90":4.7617779566,"91":4.7618992666,"92":4.7615995602,"93":4.7618425353,"94":4.7614875197,"95":4.7618998893,"96":4.7618521506,"97":4.7513443909,"98":4.2689300276},"fraction of the ideal separation power":{"0":0.1,"1":0.1,"2":0.1,"3":0.1,"4":0.1,"5":0.1,"6":0.1,"7":0.1,"8":0.1,"9":0.1,"10":0.1,"11":0.2,"12":0.2,"13":0.2,"14":0.2,"15":0.2,"16":0.2,"17":0.2,"18":0.2,"19":0.2,"20":0.2,"21":0.2,"22":0.3,"23":0.3,"24":0.3,"25":0.3,"26":0.3,"27":0.3,"28":0.3,"29":0.3,"30":0.3,"31":0.3,"32":0.3,"33":0.4,"34":0.4,"35":0.4,"36":0.4,"37":0.4,"38":0.4,"39":0.4,"40":0.4,"41":0.4,"42":0.4,"43":0.4,"44":0.5,"45":0.5,"46":0.5,"47":0.5,"48":0.5,"49":0.5,"50":0.5,"51":0.5,"52":0.5,"53":0.5,"54":0.5,"55":0.6,"56":0.6,"57":0.6,"58":0.6,"59":0.6,"60":0.6,"61":0.6,"62":0.6,"63":0.6,"64":0.6,"65":0.6,"66":0.7,"67":0.7,"68":0.7,"69":0.7,"70":0.7,"71":0.7,"72":0.7,"73":0.7,"74":0.7,"75":0.7,"76":0.7,"77":0.8,"78":0.8,"79":0.8,"80":0.8,"81":0.8,"82":0.8,"83":0.8,"84":0.8,"85":0.8,"86":0.8,"87":0.8,"88":0.9,"89":0.9,"90":0.9,"91":0.9,"92":0.9,"93":0.9,"94":0.9,"95":0.9,"96":0.9,"97":0.9,"98":0.9},"ne":{"0":null,"1":58941.6533735287,"2":29470.8266867643,"3":19647.2177911762,"4":14735.4133433822,"5":11788.3306747057,"6":9823.6088955881,"7":8420.2361962184,"8":7367.7066716911,"9":6549.0725970587,"10":5894.1653373529,"11":null,"12":58941.6533735287,"13":29470.8266867643,"14":19647.2177911762,"15":14735.4133433822,"16":11788.3306747057,"17":9823.6088955881,"18":8420.2361962184,"19":7367.7066716911,"20":6549.0725970587,"21":5894.1653373529,"22":null,"23":58941.6533735287,"24":29470.8266867643,"25":19647.2177911762,"26":14735.4133433822,"27":11788.3306747057,"28":9823.6088955881,"29":8420.2361962184,"30":7367.7066716911,"31":6549.0725970587,"32":5894.1653373529,"33":null,"34":58941.6533735287,"35":29470.8266867643,"36":19647.2177911762,"37":14735.4133433822,"38":11788.3306747057,"39":9823.6088955881,"40":8420.2361962184,"41":7367.7066716911,"42":6549.0725970587,"43":5894.1653373529,"44":null,"45":58941.6533735287,"46":29470.8266867643,"47":19647.2177911762,"48":14735.4133433822,"49":11788.3306747057,"50":9823.6088955881,"51":8420.2361962184,"52":7367.7066716911,"53":6549.0725970587,"54":5894.1653373529,"55":null,"56":58941.6533735287,"57":29470.8266867643,"58":19647.2177911762,"59":14735.4133433822,"60":11788.3306747057,"61":9823.6088955881,"62":8420.2361962184,"63":7367.7066716911,"64":6549.0725970587,"65":5894.1653373529,"66":null,"67":58941.6533735287,"68":29470.8266867643,"69":19647.2177911762,"70":14735.4133433822,"71":11788.3306747057,"72":9823.6088955881,"73":8420.2361962184,"74":7367.7066716911,"75":6549.0725970587,"76":5894.1653373529,"77":null,"78":58941.6533735287,"79":29470.8266867643,"80":19647.2177911762,"81":14735.4133433822,"82":11788.3306747057,"83":9823.6088955881,"84":8420.2361962184,"85":7367.7066716911,"86":6549.0725970587,"87":5894.1653373529,"88":null,"89":58941.6533735287,"90":29470.8266867643,"91":19647.2177911762,"92":14735.4133433822,"93":11788.3306747057,"94":9823.6088955881,"95":8420.2361962184,"96":7367.7066716911,"97":6549.0725970587,"98":5894.1653373529},"N2_1":{"0":0.0197805979,"1":151.1124863706,"2":288.8356473064,"3":417.6121767715,"4":543.4050546328,"5":670.3791933812,"6":802.6393299313,"7":945.4267137492,"8":1107.3637370664,"9":1307.473111364,"10":1647.4116244772,"11":0.0183378449,"12":0.0111637349,"13":52.6767032155,"14":176.6099937632,"15":299.078150738,"16":422.9181922367,"17":551.8353027402,"18":690.7280474845,"19":847.6135460127,"20":1040.0732919833,"21":1359.8831299732,"22":0.1722188446,"23":0.0040311427,"24":0.0078349037,"25":4.3619731593,"26":109.3280401082,"27":224.1548830024,"28":345.7536228318,"29":477.5741123902,"30":626.6803586542,"31":808.9924168864,"32":1106.9244172063,"33":0.031309702,"34":0.0341183488,"35":0.0182631907,"36":0.1113768711,"37":0.0116768774,"38":70.8085253334,"39":179.2365386012,"40":300.6151156865,"41":439.4869320282,"42":609.7266641267,"43":884.8416999027,"44":0.0169431336,"45":0.0311470119,"46":0.0684836162,"47":0.0045758373,"48":0.0166776631,"49":0.0496480951,"50":51.1978637124,"51":156.5031361198,"52":282.3265546379,"53":438.7228814961,"54":690.4313520831,"55":0.0207791161,"56":0.1294408683,"57":0.1091339503,"58":0.028719953,"59":0.124762576,"60":0.064510323,"61":0.0015545765,"62":45.1361759017,"63":152.8753395416,"64":293.2493066287,"65":520.988185291,"66":0.0457787581,"67":0.0156257037,"68":0.0073997816,"69":0.0011762029,"70":0.0401167297,"71":0.0025892513,"72":0.0015907555,"73":0.0624257768,"74":51.147087942,"75":171.5068697443,"76":374.2745970184,"77":0.0855117553,"78":0.0121127108,"79":0.0201361394,"80":0.0127285651,"81":0.0188503887,"82":0.0408578181,"83":0.0027368554,"84":0.0272938876,"85":0.0356134952,"86":73.133865779,"87":248.5996188095,"88":0.0020404225,"89":0.0246995355,"90":0.0329617174,"91":0.001428419,"92":0.0793369943,"93":0.0161749456,"94":0.108464399,"95":0.0012665413,"96":0.0136755455,"97":2.7510866834,"98":142.9378463004},"N2_2":{"0":null,"1":46412.7936787171,"2":22993.1174352375,"3":15103.6898782578,"4":11097.5714866391,"5":8642.4020396363,"6":6958.0116975833,"7":5706.5598812633,"8":4713.1245335696,"9":3866.2942403124,"10":3008.9789920316,"11":null,"12":46563.8950013527,"13":23229.2763793284,"14":15344.692061266,"15":11341.8983905339,"16":8889.8630407808,"17":7208.8157247744,"18":5961.258547528,"19":4972.8747246233,"20":4133.6940596931,"21":3296.5074865356,"22":null,